col0,col1,col2,col3
National Taiwan Ocean University,"College of Ocean Science and Resource, National Taiwan Ocean University",1953-01-01,Taiwan
National Taiwan University,"Yen Tjing Ling Industrial Research Institute, National Taiwan University",1928-01-01,Taiwan
Kyiv National University of Trade and Economics,Kharkiv Institute of Trade and Economics of Kyiv National University of Trade and Economics,1946-01-01,Ukraine
Paris Nanterre University,Laboratoire d'ethnologie et de sociologie comparative,1964-01-01,France
Ibaraki University,"College of Engineering, Ibaraki University",1920-01-01,Japan
Gifu University,Gifu University School of Medicine,1949-01-01,Japan
Hokkaido University,Hokkaido University Graduate School of Medicine,1918-01-01,Japan
Gunma University,Gunma University School of Science and Technology,1949-01-01,Japan
Tohoku University,Research Alliance Center for Mathematical Sciences,1907-01-01,Japan
