col0,col1,col2,col3
The Wharton School,Joseph Wharton,Philadelphia,United States of America
Howard University,Oliver Otis Howard,"Washington, D.C.",United States of America
Forman Christian College,Charles William Forman,Lahore,Pakistan
Istanbul Sabahattin Zaim University,Sabahattin Zaim,Istanbul,Turkey
Haliç University,Golden Horn,Istanbul,Turkey
Fatih Sultan Mehmet University,Mehmed the Conqueror,Istanbul,Turkey
Universidad Fernando III,Ferdinand III of Castile,Seville,Spain
Cornell University,Ezra Cornell,Ithaca,United States of America
Stanford University,"Leland Stanford, Jr.",Stanford,United States of America
