col0,col1,col2,col3,col4,col5
Istanbul Commerce University Faculty of Law,Istanbul Chamber of Commerce,2001-01-01,Istanbul Commerce University,Istanbul,Turkey
Imperial College Faculty of Natural Sciences,Imperial College London,2001-01-01,Imperial College London,London,United Kingdom
"Faculty of Technical Physics, Information Technology and Applied Mathematics of Lodz University of Technology",Lodz University of Technology,1976-01-01,Lodz University of Technology,Łódź,Poland
"Faculty of Civil Engineering, Architecture and Environmental Engineering of Lodz University of Technology",Lodz University of Technology,1956-05-11,Lodz University of Technology,Łódź,Poland
Faculty of Mechanical Engineering,Lodz University of Technology,1945-05-24,Lodz University of Technology,Łódź,Poland
Faculty of Management and Production Engineering of Lodz University of Technology,Lodz University of Technology,2017-09-29,Lodz University of Technology,Łódź,Poland
School of Civil Engineering,National Technical University of Athens,1887-01-01,National Technical University of Athens,Athens,Greece
"The Faculty of History of ""Alexandru Ioan Cuza"" University of Iași",Alexandru Ioan Cuza University,1860-10-26,Alexandru Ioan Cuza University,Iași,Romania
