col0,col1,col2,col3,col4,col5
"Faculty of Modern Languages, University of Warsaw",University of Warsaw,1976-01-01,University of Warsaw,Warsaw,Poland
"Faculty of Geology, University of Warsaw",University of Warsaw,1952-01-01,University of Warsaw,Warsaw,Poland
Faculty of Geography and Regional Studies of University of Warsaw,University of Warsaw,1977-01-01,University of Warsaw,Warsaw,Poland
"Faculty of Chemistry, University of Warsaw",University of Warsaw,1955-01-01,University of Warsaw,Warsaw,Poland
"Faculty of Biology, University of Warsaw",University of Warsaw,1951-01-01,University of Warsaw,Warsaw,Poland
M'hamed Bougara University of Boumerdès Faculty of Sciences,M'hamed Bougara University of Boumerdès,1998-01-01,M'hamed Bougara University of Boumerdès,Boumerdès,Algeria
"Technological Center, Federal University of Espírito Santo",Federal University of Espírito Santo,1951-09-06,Federal University of Espírito Santo,Espírito Santo,Brazil
Department of Informatics and Telecommunications,National and Kapodistrian University of Athens,1989-01-01,National and Kapodistrian University of Athens,Athens,Greece
