col0,col1,col2
Nintendo,Japan,"Nintendo Co., Ltd."
"Atari, Inc.",United States of America,"Atari, Inc."
ShareData,United States of America,"ShareData, Inc."
Funtastic,United States of America,"Funtastic, Inc."
Dear Villagers,France,Dear Villagers
Commodore Business Machines (UK),United Kingdom,Commodore Business Machines (UK) Ltd.
Nyu Media,United Kingdom,Nyu Media Ltd.
Interceptor Micros,United Kingdom,Interceptor Micro's
