col0,col1,col2
REDS Helsinki,Finland,Helsinki
Dundonald International Ice Bowl,United Kingdom,Dundonald
Canisius Golden Griffins men's ice hockey,United States of America,Buffalo
Buffalo Jr. Sabres,United States of America,Buffalo
Västerviks IK,Sweden,Västervik Municipality
SaiPa,Finland,Lappeenranta
MCH MVD,Russia,Balashikha
Aris Thessaloniki Ice Hockey Club,Greece,Thessaloniki
Kjøbenhavns Skøjteløberforening,Denmark,Copenhagen Municipality
IK Århus,Denmark,Aarhus Municipality
