col0,col1,col2
Swarthmore College,Swarthmoor Hall,"500 College Ave, Swarthmore, PA, 19081"
Villanova University,Thomas of Villanova,"800 Lancaster Avenue, Villanova, PA, 19085-1699"
Marshall University,John Marshall,"1 John Marshall Dr, Huntington, WV, 25755"
Rice University,William Marsh Rice,"6100 S Main, Houston, TX, 77005-1827"
Binghamton University,Robert Harpur,"4400 Vestal Parkway East, Vestal, NY, 13850-6000"
Austin Peay State University,Austin Peay,"601 College St, Clarksville, TN, 37044"
Augsburg University,Augsburg Confession,"2211 Riverside Ave, Minneapolis, MN, 55454"
Duquesne University,Michel-Ange Duquesne de Menneville,"Administration Bldg 600 Forbes Ave, Pittsburgh, PA, 15282"
Rensselaer Polytechnic Institute,Stephen Van Rensselaer,"110 8th St, Troy, NY, 12180-3590"
