col0,col1,col2
Mori Domain,1871-01-01,Kusu
Hiji Domain,1871-01-01,Hiji
Fukue Domain,1871-01-01,Fukue
Kisai Domain,1632-01-01,Kisai
Ogi Domain,1871-01-01,Ogi
Niimi Domain,1871-01-01,Niimi
Hitoyoshi Domain,1871-01-01,Hitoyoshi
Uto Domain,1870-01-01,Uto
Nakatsu Domain,1871-01-01,Nakatsu
Oshi Domain,1871-01-01,Gyōda
Bitchū-Matsuyama Domain,1871-01-01,Takahashi
Iiyama Domain,1871-01-01,Iiyama
